Filename,Label,predictions,probabilities
./images/nv/image3854.JPG,nv,nv,0.422
./images/nv/image8018.JPG,nv,nv,0.8605
./images/vasc/image7752.JPG,vasc,nv,0.725
./images/nv/image9359.JPG,nv,nv,0.8054
./images/nv/image5786.JPG,nv,nv,0.7488
./images/nv/image5472.JPG,nv,nv,0.8399
./images/nv/image3118.JPG,nv,nv,0.5917
./images/nv/image6485.JPG,nv,nv,0.6396
./images/bcc/image6462.JPG,bcc,nv,0.6925
./images/nv/image774.JPG,nv,nv,0.6675
./images/nv/image6309.JPG,nv,nv,0.861
./images/mel/image5727.JPG,mel,nv,0.8054
./images/nv/image376.JPG,nv,nv,0.8049
./images/vasc/image7691.JPG,vasc,nv,0.6152
./images/nv/image4187.JPG,nv,nv,0.5549
./images/bcc/image6870.JPG,bcc,nv,0.4988
./images/nv/image5895.JPG,nv,nv,0.8391
./images/nv/image2859.JPG,nv,nv,0.8636
./images/mel/image9938.JPG,mel,nv,0.5594
./images/nv/image4902.JPG,nv,nv,0.8304
./images/vasc/image1787.JPG,vasc,nv,0.5289
./images/nv/image4313.JPG,nv,nv,0.6131
./images/nv/image8526.JPG,nv,nv,0.7003
./images/nv/image3971.JPG,nv,nv,0.6555
./images/mel/image2518.JPG,mel,nv,0.7208
./images/nv/image7368.JPG,nv,nv,0.7937
./images/bkl/image3344.JPG,bkl,nv,0.7113
./images/nv/image7658.JPG,nv,nv,0.6559
./images/nv/image1559.JPG,nv,nv,0.7948
./images/bkl/image4302.JPG,bkl,nv,0.4492
./images/nv/image1923.JPG,nv,nv,0.8091
./images/nv/image557.JPG,nv,nv,0.7648
./images/nv/image8766.JPG,nv,nv,0.5187
./images/nv/image8801.JPG,nv,nv,0.7403
./images/bkl/image527.JPG,bkl,nv,0.6262
./images/nv/image5547.JPG,nv,nv,0.8708
./images/nv/image2681.JPG,nv,nv,0.817
./images/bcc/image6958.JPG,bcc,nv,0.4267
./images/nv/image1381.JPG,nv,nv,0.7912
./images/bkl/image9200.JPG,bkl,nv,0.6549
./images/nv/image8838.JPG,nv,nv,0.7663
./images/nv/image8919.JPG,nv,nv,0.6891
./images/bkl/image8593.JPG,bkl,nv,0.7729
./images/nv/image4449.JPG,nv,nv,0.8272
./images/akiec/image024.JPG,akiec,nv,0.49
./images/nv/image3859.JPG,nv,nv,0.8814
./images/nv/image2505.JPG,nv,nv,0.7574
./images/nv/image1880.JPG,nv,nv,0.871
./images/nv/image4166.JPG,nv,nv,0.8299
./images/nv/image8924.JPG,nv,nv,0.6135
./images/bkl/image4944.JPG,bkl,nv,0.5804
./images/mel/image7776.JPG,mel,nv,0.7015
./images/bkl/image053.JPG,bkl,nv,0.6351
./images/nv/image6324.JPG,nv,nv,0.4962
./images/nv/image5847.JPG,nv,nv,0.8569
./images/akiec/image3395.JPG,akiec,nv,0.6401
./images/nv/image7489.JPG,nv,nv,0.6877
./images/df/image5706.JPG,df,nv,0.5778
./images/nv/image7310.JPG,nv,nv,0.6029
./images/bkl/image5531.JPG,bkl,nv,0.5811
./images/nv/image782.JPG,nv,nv,0.818
./images/nv/image6063.JPG,nv,nv,0.8388
./images/nv/image2105.JPG,nv,nv,0.7922
./images/bkl/image4099.JPG,bkl,nv,0.6297
./images/nv/image7523.JPG,nv,nv,0.8646
./images/bcc/image3128.JPG,bcc,nv,0.6242
./images/nv/image4326.JPG,nv,nv,0.6918
./images/nv/image9379.JPG,nv,nv,0.7048
./images/df/image9864.JPG,df,nv,0.5253
./images/bkl/image5167.JPG,bkl,nv,0.7785
./images/df/image3422.JPG,df,nv,0.5649
./images/bkl/image4357.JPG,bkl,nv,0.529
./images/bcc/image2550.JPG,bcc,nv,0.6205
./images/nv/image5310.JPG,nv,nv,0.7022
./images/bcc/image4689.JPG,bcc,nv,0.5718
./images/mel/image816.JPG,mel,nv,0.7489
./images/nv/image768.JPG,nv,nv,0.4262
./images/nv/image5692.JPG,nv,nv,0.8413
./images/nv/image4781.JPG,nv,nv,0.7599
./images/nv/image3869.JPG,nv,nv,0.6847
./images/nv/image4519.JPG,nv,nv,0.8354
./images/nv/image600.JPG,nv,nv,0.8152
./images/nv/image1700.JPG,nv,nv,0.8387
./images/bkl/image5573.JPG,bkl,nv,0.7303
./images/nv/image4877.JPG,nv,nv,0.4802
./images/nv/image7355.JPG,nv,nv,0.5931
./images/nv/image1022.JPG,nv,nv,0.7572
./images/nv/image1566.JPG,nv,nv,0.6731
./images/nv/image5005.JPG,nv,nv,0.6126
./images/bkl/image1623.JPG,bkl,nv,0.5232
./images/mel/image5337.JPG,mel,nv,0.7795
./images/bcc/image156.JPG,bcc,nv,0.5039
./images/nv/image4130.JPG,nv,nv,0.7463
./images/nv/image8980.JPG,nv,nv,0.6692
./images/nv/image4342.JPG,nv,nv,0.8145
./images/nv/image4833.JPG,nv,nv,0.7377
./images/mel/image3851.JPG,mel,nv,0.8189
./images/bkl/image3496.JPG,bkl,nv,0.4392
./images/nv/image9504.JPG,nv,nv,0.7652
./images/bcc/image7102.JPG,bcc,nv,0.6481
./images/mel/image7194.JPG,mel,nv,0.7878
./images/bkl/image3449.JPG,bkl,nv,0.4368
./images/nv/image3690.JPG,nv,nv,0.7741
./images/nv/image1118.JPG,nv,nv,0.768
./images/nv/image6696.JPG,nv,nv,0.5771
./images/nv/image4949.JPG,nv,nv,0.3958
./images/nv/image1030.JPG,nv,nv,0.5288
./images/nv/image6026.JPG,nv,nv,0.7567
./images/nv/image6797.JPG,nv,nv,0.7913
./images/bcc/image1521.JPG,bcc,nv,0.4985
./images/nv/image7747.JPG,nv,nv,0.6735
./images/bkl/image318.JPG,bkl,nv,0.5021
./images/nv/image069.JPG,nv,nv,0.7169
./images/vasc/image7935.JPG,vasc,nv,0.5322
./images/bkl/image3655.JPG,bkl,nv,0.5069
./images/nv/image4463.JPG,nv,nv,0.6944
./images/nv/image1353.JPG,nv,nv,0.8088
./images/nv/image868.JPG,nv,nv,0.5004
./images/nv/image5703.JPG,nv,nv,0.5065
./images/nv/image6304.JPG,nv,nv,0.8619
./images/mel/image4852.JPG,mel,nv,0.8556
./images/bkl/image9896.JPG,bkl,nv,0.6999
./images/nv/image7931.JPG,nv,nv,0.6474
./images/mel/image6479.JPG,mel,nv,0.7082
./images/nv/image3243.JPG,nv,nv,0.7572
./images/bcc/image7264.JPG,bcc,nv,0.6018
./images/nv/image6791.JPG,nv,nv,0.7591
./images/df/image6250.JPG,df,nv,0.5184
./images/mel/image9240.JPG,mel,nv,0.7772
./images/nv/image4474.JPG,nv,nv,0.8831
./images/bkl/image9560.JPG,bkl,nv,0.4773
./images/nv/image1984.JPG,nv,nv,0.7976
./images/nv/image8295.JPG,nv,nv,0.7269
./images/nv/image3428.JPG,nv,nv,0.7761
./images/nv/image2001.JPG,nv,nv,0.8055
./images/nv/image6460.JPG,nv,nv,0.7973
./images/nv/image5764.JPG,nv,nv,0.7834
./images/bkl/image7794.JPG,bkl,nv,0.6349
./images/bcc/image6477.JPG,bcc,nv,0.5299
./images/nv/image2376.JPG,nv,nv,0.7328
./images/nv/image2631.JPG,nv,nv,0.833
./images/mel/image5065.JPG,mel,nv,0.7779
./images/nv/image8716.JPG,nv,nv,0.7957
./images/nv/image6771.JPG,nv,nv,0.846
./images/nv/image3379.JPG,nv,nv,0.5805
./images/nv/image4267.JPG,nv,nv,0.7701
./images/nv/image3769.JPG,nv,nv,0.6374
./images/nv/image3100.JPG,nv,nv,0.6079
./images/nv/image3940.JPG,nv,nv,0.7538
./images/nv/image4406.JPG,nv,nv,0.86
./images/mel/image3397.JPG,mel,nv,0.7396
./images/nv/image5999.JPG,nv,nv,0.7068
./images/nv/image6880.JPG,nv,nv,0.9363
./images/nv/image8527.JPG,nv,nv,0.6687
./images/nv/image597.JPG,nv,nv,0.6372
./images/nv/image5356.JPG,nv,nv,0.6791
./images/akiec/image217.JPG,akiec,nv,0.4848
./images/nv/image4868.JPG,nv,nv,0.8227
./images/mel/image2587.JPG,mel,nv,0.4672
./images/nv/image6257.JPG,nv,nv,0.819
./images/nv/image3647.JPG,nv,nv,0.7703
./images/nv/image795.JPG,nv,nv,0.7905
./images/nv/image9665.JPG,nv,nv,0.6757
./images/bkl/image7526.JPG,bkl,nv,0.601
./images/nv/image8946.JPG,nv,nv,0.5263
./images/mel/image028.JPG,mel,nv,0.6569
./images/nv/image6623.JPG,nv,nv,0.6174
./images/nv/image3075.JPG,nv,nv,0.7278
./images/nv/image6165.JPG,nv,nv,0.8743
./images/bkl/image6984.JPG,bkl,nv,0.485
./images/nv/image860.JPG,nv,nv,0.6383
./images/mel/image1284.JPG,mel,nv,0.635
./images/nv/image7586.JPG,nv,nv,0.8418
./images/bkl/image8020.JPG,bkl,nv,0.6459
./images/nv/image9162.JPG,nv,nv,0.7021
./images/nv/image2173.JPG,nv,nv,0.6467
./images/nv/image6857.JPG,nv,nv,0.8202
./images/bkl/image5619.JPG,bkl,nv,0.5067
./images/nv/image3820.JPG,nv,nv,0.8676
./images/bkl/image2234.JPG,bkl,nv,0.5082
./images/nv/image6379.JPG,nv,nv,0.625
./images/nv/image3729.JPG,nv,nv,0.8244
./images/nv/image2918.JPG,nv,nv,0.8477
./images/nv/image3593.JPG,nv,nv,0.4408
./images/vasc/image8410.JPG,vasc,nv,0.6523
./images/nv/image5042.JPG,nv,nv,0.9204
./images/nv/image6456.JPG,nv,nv,0.7523
./images/nv/image7353.JPG,nv,nv,0.7936
./images/nv/image447.JPG,nv,nv,0.651
./images/nv/image5238.JPG,nv,nv,0.7218
./images/mel/image823.JPG,mel,nv,0.6184
./images/nv/image3566.JPG,nv,nv,0.851
./images/bcc/image7046.JPG,bcc,nv,0.4434
./images/nv/image9546.JPG,nv,nv,0.7365
./images/nv/image4669.JPG,nv,nv,0.7973
./images/nv/image2798.JPG,nv,nv,0.7715
./images/nv/image1761.JPG,nv,nv,0.8086
./images/nv/image9436.JPG,nv,nv,0.5245
./images/nv/image7871.JPG,nv,nv,0.7019
./images/bkl/image8959.JPG,bkl,nv,0.7595
./images/nv/image2500.JPG,nv,nv,0.7817
./images/nv/image958.JPG,nv,nv,0.7798
./images/nv/image6294.JPG,nv,nv,0.8238
./images/nv/image7744.JPG,nv,nv,0.8343
./images/nv/image7665.JPG,nv,nv,0.7601
./images/nv/image478.JPG,nv,nv,0.8442
./images/nv/image7429.JPG,nv,nv,0.815
./images/nv/image1517.JPG,nv,nv,0.8654
./images/bkl/image2358.JPG,bkl,nv,0.5752
./images/nv/image7169.JPG,nv,nv,0.5061
./images/bcc/image5840.JPG,bcc,nv,0.5728
./images/nv/image6226.JPG,nv,nv,0.6095
./images/nv/image2231.JPG,nv,nv,0.8115
./images/bcc/image8422.JPG,bcc,nv,0.4719
./images/bkl/image7071.JPG,bkl,nv,0.5406
./images/mel/image3054.JPG,mel,nv,0.5668
./images/bkl/image3465.JPG,bkl,nv,0.4989
./images/nv/image8048.JPG,nv,nv,0.7672
./images/bcc/image7985.JPG,bcc,nv,0.5277
./images/bkl/image2722.JPG,bkl,nv,0.7072
./images/nv/image6537.JPG,nv,nv,0.5985
./images/nv/image1042.JPG,nv,nv,0.8011
./images/nv/image8399.JPG,nv,nv,0.5972
./images/nv/image3074.JPG,nv,nv,0.6465
./images/bcc/image6938.JPG,bcc,nv,0.5771
./images/bkl/image3149.JPG,bkl,nv,0.4706
./images/nv/image2097.JPG,nv,nv,0.7055
./images/mel/image9731.JPG,mel,nv,0.6988
./images/nv/image9247.JPG,nv,nv,0.7266
./images/nv/image7287.JPG,nv,nv,0.528
./images/nv/image4999.JPG,nv,nv,0.7679
./images/nv/image7050.JPG,nv,nv,0.7582
./images/nv/image7687.JPG,nv,nv,0.7733
./images/nv/image5537.JPG,nv,nv,0.7551
./images/bkl/image3738.JPG,bkl,nv,0.4328
./images/df/image4992.JPG,df,nv,0.7176
./images/nv/image7820.JPG,nv,nv,0.492
./images/nv/image2387.JPG,nv,nv,0.7382
./images/nv/image4918.JPG,nv,nv,0.4212
./images/nv/image1139.JPG,nv,nv,0.5612
./images/nv/image1177.JPG,nv,nv,0.8427
./images/nv/image6879.JPG,nv,nv,0.7295
./images/nv/image3250.JPG,nv,nv,0.8554
./images/nv/image8358.JPG,nv,nv,0.7934
./images/nv/image7110.JPG,nv,nv,0.846
./images/nv/image3418.JPG,nv,nv,0.81
./images/bkl/image3303.JPG,bkl,nv,0.5162
./images/nv/image1493.JPG,nv,nv,0.737
./images/bkl/image6217.JPG,bkl,nv,0.6756
./images/nv/image603.JPG,nv,nv,0.7073
./images/mel/image5400.JPG,mel,nv,0.7467
./images/nv/image8179.JPG,nv,nv,0.7584
./images/bcc/image9199.JPG,bcc,nv,0.528
./images/bkl/image421.JPG,bkl,nv,0.5613
./images/nv/image7356.JPG,nv,nv,0.7351
./images/nv/image4823.JPG,nv,nv,0.8619
./images/nv/image2787.JPG,nv,nv,0.7823
./images/mel/image8419.JPG,mel,nv,0.7417
./images/nv/image4266.JPG,nv,nv,0.6271
./images/nv/image5943.JPG,nv,nv,0.8278
./images/akiec/image7273.JPG,akiec,nv,0.5622
./images/nv/image5111.JPG,nv,nv,0.8034
./images/bkl/image1438.JPG,bkl,nv,0.6295
./images/nv/image7842.JPG,nv,nv,0.7456
./images/nv/image4136.JPG,nv,nv,0.6486
./images/bkl/image9473.JPG,bkl,nv,0.7434
./images/df/image4346.JPG,df,nv,0.7171
./images/nv/image5678.JPG,nv,nv,0.6918
./images/mel/image850.JPG,mel,nv,0.5638
./images/nv/image979.JPG,nv,nv,0.8089
./images/nv/image5605.JPG,nv,nv,0.7512
./images/nv/image6842.JPG,nv,nv,0.7133
./images/mel/image4751.JPG,mel,nv,0.8002
./images/bcc/image3241.JPG,bcc,nv,0.4568
./images/nv/image3276.JPG,nv,nv,0.8078
./images/nv/image8286.JPG,nv,nv,0.8001
./images/mel/image8769.JPG,mel,nv,0.7114
./images/akiec/image3591.JPG,akiec,nv,0.562
./images/bkl/image2030.JPG,bkl,nv,0.6368
./images/mel/image9307.JPG,mel,nv,0.7327
./images/bcc/image3774.JPG,bcc,nv,0.6226
./images/nv/image9541.JPG,nv,nv,0.6257
./images/nv/image2015.JPG,nv,nv,0.8097
./images/vasc/image6896.JPG,vasc,nv,0.5815
./images/nv/image8246.JPG,nv,nv,0.7643
./images/nv/image8329.JPG,nv,nv,0.6465
./images/bcc/image2830.JPG,bcc,nv,0.6038
./images/nv/image195.JPG,nv,nv,0.7981
./images/nv/image2150.JPG,nv,nv,0.6521
./images/bkl/image2117.JPG,bkl,nv,0.6619
./images/nv/image2908.JPG,nv,nv,0.5507
./images/bkl/image3691.JPG,bkl,nv,0.7421
./images/mel/image6872.JPG,mel,nv,0.7387
./images/nv/image649.JPG,nv,nv,0.8524
./images/mel/image1104.JPG,mel,nv,0.5237
./images/bcc/image10001.JPG,bcc,nv,0.6025
./images/nv/image4281.JPG,nv,nv,0.672
./images/nv/image4173.JPG,nv,nv,0.7491
./images/bkl/image1601.JPG,bkl,nv,0.7049
./images/nv/image9547.JPG,nv,nv,0.5299
./images/mel/image8660.JPG,mel,nv,0.853
./images/bkl/image1007.JPG,bkl,nv,0.4694
./images/nv/image1309.JPG,nv,nv,0.8349
./images/nv/image769.JPG,nv,nv,0.7
./images/nv/image1797.JPG,nv,nv,0.7465
./images/mel/image2844.JPG,mel,nv,0.8297
./images/nv/image9923.JPG,nv,nv,0.6915
./images/nv/image8800.JPG,nv,nv,0.6575
./images/nv/image2364.JPG,nv,nv,0.7462
./images/nv/image885.JPG,nv,nv,0.8517
./images/nv/image1890.JPG,nv,nv,0.8462
./images/nv/image8510.JPG,nv,nv,0.7886
./images/nv/image8937.JPG,nv,nv,0.4339
./images/bkl/image4984.JPG,bkl,nv,0.5674
./images/nv/image1331.JPG,nv,nv,0.8752
./images/mel/image7064.JPG,mel,nv,0.476
./images/nv/image1561.JPG,nv,nv,0.7269
./images/nv/image9093.JPG,nv,nv,0.4715
./images/mel/image462.JPG,mel,nv,0.6342
./images/nv/image4013.JPG,nv,nv,0.8399
./images/nv/image9885.JPG,nv,nv,0.6583
./images/mel/image8413.JPG,mel,nv,0.5248
./images/nv/image4844.JPG,nv,nv,0.8005
./images/bcc/image1970.JPG,bcc,nv,0.4457
./images/bkl/image6013.JPG,bkl,nv,0.4394
./images/bkl/image4081.JPG,bkl,nv,0.6847
./images/bkl/image1944.JPG,bkl,nv,0.3981
./images/nv/image8076.JPG,nv,nv,0.8256
./images/nv/image2264.JPG,nv,nv,0.5487
./images/nv/image1303.JPG,nv,nv,0.8183
./images/nv/image7396.JPG,nv,nv,0.7701
./images/nv/image6156.JPG,nv,nv,0.8325
./images/vasc/image8830.JPG,vasc,nv,0.7653
./images/bkl/image7592.JPG,bkl,nv,0.6201
./images/nv/image5025.JPG,nv,nv,0.6627
./images/bkl/image5122.JPG,bkl,nv,0.5696
./images/nv/image3420.JPG,nv,nv,0.8028
./images/nv/image2304.JPG,nv,nv,0.7795
./images/nv/image6326.JPG,nv,nv,0.6646
./images/bkl/image1500.JPG,bkl,nv,0.5574
./images/mel/image8254.JPG,mel,nv,0.6419
./images/mel/image4160.JPG,mel,nv,0.7537
./images/nv/image7156.JPG,nv,nv,0.7337
./images/nv/image9688.JPG,nv,nv,0.7555
./images/nv/image856.JPG,nv,nv,0.8597
./images/nv/image7277.JPG,nv,nv,0.829
./images/nv/image6151.JPG,nv,nv,0.7457
./images/nv/image5096.JPG,nv,nv,0.3508
./images/mel/image9854.JPG,mel,nv,0.7493
./images/nv/image7012.JPG,nv,nv,0.5923
./images/bcc/image2741.JPG,bcc,nv,0.4788
./images/nv/image7175.JPG,nv,nv,0.8105
./images/mel/image7899.JPG,mel,nv,0.7126
./images/bkl/image166.JPG,bkl,nv,0.5175
./images/mel/image7652.JPG,mel,nv,0.7329
./images/nv/image3964.JPG,nv,nv,0.8818
./images/nv/image2196.JPG,nv,nv,0.4687
./images/nv/image5804.JPG,nv,nv,0.861
./images/nv/image4961.JPG,nv,nv,0.6965
./images/nv/image6287.JPG,nv,nv,0.8031
./images/df/image5586.JPG,df,nv,0.5377
./images/nv/image9027.JPG,nv,nv,0.4732
./images/bcc/image5240.JPG,bcc,nv,0.5311
./images/nv/image5359.JPG,nv,nv,0.6739
./images/nv/image4002.JPG,nv,nv,0.5576
./images/nv/image547.JPG,nv,nv,0.7195
./images/nv/image8257.JPG,nv,nv,0.7956
./images/vasc/image7454.JPG,vasc,nv,0.6447
./images/nv/image3390.JPG,nv,nv,0.7205
./images/mel/image2760.JPG,mel,nv,0.807
./images/nv/image2811.JPG,nv,nv,0.8859
./images/bkl/image406.JPG,bkl,nv,0.7396
./images/nv/image1410.JPG,nv,nv,0.7578
./images/nv/image4520.JPG,nv,nv,0.789
./images/df/image9485.JPG,df,nv,0.5326
./images/nv/image8197.JPG,nv,nv,0.7942
./images/nv/image3486.JPG,nv,nv,0.8184
./images/nv/image3059.JPG,nv,nv,0.802
./images/nv/image2922.JPG,nv,nv,0.8984
./images/nv/image003.JPG,nv,nv,0.8786
./images/nv/image3467.JPG,nv,nv,0.5728
./images/nv/image2875.JPG,nv,nv,0.8489
./images/nv/image8397.JPG,nv,nv,0.518
./images/mel/image7648.JPG,mel,nv,0.6797
./images/mel/image2725.JPG,mel,nv,0.5984
./images/nv/image9173.JPG,nv,nv,0.6586
./images/nv/image5351.JPG,nv,nv,0.5455
./images/bkl/image7507.JPG,bkl,nv,0.5873
./images/nv/image2025.JPG,nv,nv,0.7493
./images/nv/image8304.JPG,nv,nv,0.6238
./images/bkl/image7662.JPG,bkl,nv,0.3992
./images/nv/image6916.JPG,nv,nv,0.5329
./images/nv/image5103.JPG,nv,nv,0.6918
./images/nv/image9378.JPG,nv,nv,0.833
./images/bkl/image8271.JPG,bkl,nv,0.511
./images/nv/image5631.JPG,nv,nv,0.7828
./images/bcc/image3754.JPG,bcc,nv,0.66
./images/nv/image1130.JPG,nv,nv,0.8279
./images/nv/image5548.JPG,nv,nv,0.8559
./images/nv/image7679.JPG,nv,nv,0.7361
./images/nv/image5044.JPG,nv,nv,0.82
./images/nv/image734.JPG,nv,nv,0.7581
./images/bkl/image3959.JPG,bkl,nv,0.6161
./images/nv/image3972.JPG,nv,nv,0.7344
./images/nv/image993.JPG,nv,nv,0.7783
./images/nv/image631.JPG,nv,nv,0.806
./images/nv/image253.JPG,nv,nv,0.8566
./images/nv/image2806.JPG,nv,nv,0.7018
./images/mel/image4176.JPG,mel,nv,0.5995
./images/nv/image1793.JPG,nv,nv,0.8497
./images/bkl/image3545.JPG,bkl,nv,0.5447
./images/nv/image4759.JPG,nv,nv,0.7946
./images/nv/image1861.JPG,nv,nv,0.4992
./images/nv/image717.JPG,nv,nv,0.8309
./images/nv/image5166.JPG,nv,nv,0.8108
./images/nv/image8035.JPG,nv,nv,0.6207
./images/nv/image8021.JPG,nv,nv,0.7584
./images/nv/image9360.JPG,nv,nv,0.8265
./images/mel/image9934.JPG,mel,nv,0.7144
./images/bkl/image8471.JPG,bkl,nv,0.65
./images/mel/image7793.JPG,mel,nv,0.6001
./images/nv/image082.JPG,nv,nv,0.6101
./images/nv/image9628.JPG,nv,nv,0.8527
./images/nv/image6412.JPG,nv,nv,0.8234
./images/bkl/image7237.JPG,bkl,nv,0.5822
./images/nv/image6889.JPG,nv,nv,0.6502
./images/nv/image8740.JPG,nv,nv,0.7498
./images/bkl/image391.JPG,bkl,nv,0.6263
./images/bcc/image6221.JPG,bcc,nv,0.5306
./images/nv/image9120.JPG,nv,nv,0.7169
./images/nv/image5432.JPG,nv,nv,0.8391
./images/nv/image7577.JPG,nv,nv,0.8419
./images/nv/image3985.JPG,nv,nv,0.6568
./images/mel/image6813.JPG,mel,nv,0.5867
./images/nv/image8541.JPG,nv,nv,0.6851
./images/bkl/image9892.JPG,bkl,nv,0.6164
./images/nv/image5226.JPG,nv,nv,0.6768
./images/nv/image6100.JPG,nv,nv,0.7681
./images/nv/image1718.JPG,nv,nv,0.4918
./images/nv/image099.JPG,nv,nv,0.6496
./images/nv/image9783.JPG,nv,nv,0.6237
./images/nv/image3124.JPG,nv,nv,0.847
./images/mel/image9551.JPG,mel,nv,0.6912
./images/nv/image230.JPG,nv,nv,0.92
./images/nv/image6448.JPG,nv,nv,0.8054
./images/nv/image1254.JPG,nv,nv,0.7412
./images/nv/image8855.JPG,nv,nv,0.7006
./images/mel/image9365.JPG,mel,nv,0.8217
./images/akiec/image3653.JPG,akiec,nv,0.5841
./images/bkl/image4667.JPG,bkl,nv,0.4947
./images/nv/image218.JPG,nv,nv,0.7649
./images/nv/image3562.JPG,nv,nv,0.5749
./images/nv/image087.JPG,nv,nv,0.8568
./images/nv/image429.JPG,nv,nv,0.6642
./images/nv/image5785.JPG,nv,nv,0.8088
./images/mel/image9164.JPG,mel,nv,0.6906
./images/bkl/image8038.JPG,bkl,nv,0.4788
./images/bkl/image2209.JPG,bkl,nv,0.5845
./images/nv/image9659.JPG,nv,nv,0.48
./images/vasc/image3583.JPG,vasc,nv,0.52
./images/nv/image8015.JPG,nv,nv,0.7
./images/nv/image2507.JPG,nv,nv,0.7537
./images/nv/image4324.JPG,nv,nv,0.7826
./images/bcc/image6588.JPG,bcc,nv,0.5667
./images/nv/image4125.JPG,nv,nv,0.7361
./images/nv/image6238.JPG,nv,nv,0.7585
./images/mel/image4105.JPG,mel,nv,0.8458
./images/bkl/image7286.JPG,bkl,nv,0.5695
./images/nv/image6387.JPG,nv,nv,0.7402
./images/nv/image7562.JPG,nv,nv,0.7551
./images/nv/image9275.JPG,nv,nv,0.7848
./images/nv/image3270.JPG,nv,nv,0.7782
./images/nv/image8047.JPG,nv,nv,0.8575
./images/mel/image9757.JPG,mel,nv,0.5479
./images/bkl/image140.JPG,bkl,nv,0.507
./images/mel/image9878.JPG,mel,nv,0.8089
./images/nv/image198.JPG,nv,nv,0.6329
./images/nv/image251.JPG,nv,nv,0.5872
./images/nv/image3836.JPG,nv,nv,0.7175
./images/nv/image6457.JPG,nv,nv,0.8415
./images/akiec/image7569.JPG,akiec,nv,0.6868
./images/nv/image6954.JPG,nv,nv,0.559
./images/nv/image7364.JPG,nv,nv,0.7223
./images/mel/image9349.JPG,mel,nv,0.848
./images/nv/image7976.JPG,nv,nv,0.6847
./images/nv/image7233.JPG,nv,nv,0.8028
./images/nv/image712.JPG,nv,nv,0.7794
./images/nv/image3544.JPG,nv,nv,0.597
./images/bkl/image3818.JPG,bkl,nv,0.4674
./images/nv/image9343.JPG,nv,nv,0.5254
./images/nv/image1176.JPG,nv,nv,0.7648
./images/nv/image2931.JPG,nv,nv,0.7566
./images/bkl/image7910.JPG,bkl,nv,0.6807
./images/nv/image1437.JPG,nv,nv,0.8836
./images/nv/image4985.JPG,nv,nv,0.7171
./images/nv/image5019.JPG,nv,nv,0.6803
./images/nv/image1056.JPG,nv,nv,0.8721
./images/mel/image2548.JPG,mel,nv,0.6305
./images/bcc/image4011.JPG,bcc,nv,0.5563
./images/nv/image7716.JPG,nv,nv,0.7073
./images/nv/image7970.JPG,nv,nv,0.7965
./images/nv/image8595.JPG,nv,nv,0.7436
./images/nv/image8882.JPG,nv,nv,0.6643
./images/nv/image4204.JPG,nv,nv,0.4892
./images/nv/image208.JPG,nv,nv,0.7988
./images/nv/image5052.JPG,nv,nv,0.5109
./images/nv/image3750.JPG,nv,nv,0.8198
./images/nv/image3473.JPG,nv,nv,0.7281
./images/nv/image8040.JPG,nv,nv,0.574
./images/nv/image6340.JPG,nv,nv,0.6971
./images/nv/image7168.JPG,nv,nv,0.5131
./images/nv/image7566.JPG,nv,nv,0.7678
./images/nv/image8657.JPG,nv,nv,0.4984
./images/nv/image5260.JPG,nv,nv,0.7884
./images/bkl/image9427.JPG,bkl,nv,0.7326
./images/nv/image6322.JPG,nv,nv,0.7883
./images/bkl/image7328.JPG,bkl,nv,0.5309
./images/nv/image8334.JPG,nv,nv,0.7773
./images/nv/image1577.JPG,nv,nv,0.7975
./images/nv/image2595.JPG,nv,nv,0.818
./images/nv/image2445.JPG,nv,nv,0.818
./images/nv/image5655.JPG,nv,nv,0.8156
./images/nv/image846.JPG,nv,nv,0.8462
./images/nv/image8284.JPG,nv,nv,0.8054
./images/nv/image1734.JPG,nv,nv,0.8071
./images/mel/image7927.JPG,mel,nv,0.6727
./images/nv/image5022.JPG,nv,nv,0.7855
./images/nv/image4558.JPG,nv,nv,0.7233
./images/nv/image7324.JPG,nv,nv,0.6143
./images/nv/image4165.JPG,nv,nv,0.8531
./images/nv/image387.JPG,nv,nv,0.8846
./images/nv/image2069.JPG,nv,nv,0.6722
./images/nv/image433.JPG,nv,nv,0.7833
./images/nv/image7055.JPG,nv,nv,0.7744
./images/nv/image6658.JPG,nv,nv,0.836
./images/bkl/image033.JPG,bkl,nv,0.4523
./images/nv/image1909.JPG,nv,nv,0.8612
./images/nv/image5017.JPG,nv,nv,0.7095
./images/nv/image710.JPG,nv,nv,0.731
./images/bkl/image1441.JPG,bkl,nv,0.5671
./images/nv/image6547.JPG,nv,nv,0.6906
./images/nv/image8752.JPG,nv,nv,0.7827
./images/nv/image7449.JPG,nv,nv,0.7727
./images/nv/image9136.JPG,nv,nv,0.6689
./images/nv/image5419.JPG,nv,nv,0.6451
./images/nv/image8998.JPG,nv,nv,0.5181
./images/nv/image215.JPG,nv,nv,0.7765
./images/mel/image2572.JPG,mel,nv,0.8275
./images/mel/image8763.JPG,mel,nv,0.6607
./images/mel/image9005.JPG,mel,nv,0.7092
./images/bcc/image4510.JPG,bcc,nv,0.4601
./images/nv/image701.JPG,nv,nv,0.8265
./images/nv/image6351.JPG,nv,nv,0.8091
./images/nv/image4891.JPG,nv,nv,0.6154
./images/akiec/image7201.JPG,akiec,nv,0.5746
./images/nv/image1329.JPG,nv,nv,0.6692
./images/nv/image9565.JPG,nv,nv,0.8331
./images/nv/image088.JPG,nv,nv,0.7878
./images/nv/image7527.JPG,nv,nv,0.7344
./images/nv/image7054.JPG,nv,nv,0.5829
./images/nv/image8848.JPG,nv,nv,0.6615
./images/bkl/image8360.JPG,bkl,nv,0.7437
./images/nv/image1274.JPG,nv,nv,0.7245
./images/nv/image6779.JPG,nv,nv,0.7977
./images/nv/image4536.JPG,nv,nv,0.7377
./images/nv/image8886.JPG,nv,nv,0.7473
./images/nv/image9409.JPG,nv,nv,0.8081
./images/nv/image2272.JPG,nv,nv,0.4506
./images/nv/image4479.JPG,nv,nv,0.762
./images/nv/image8017.JPG,nv,nv,0.6452
./images/nv/image4201.JPG,nv,nv,0.8263
./images/nv/image5456.JPG,nv,nv,0.8063
./images/nv/image6377.JPG,nv,nv,0.7229
./images/bkl/image2285.JPG,bkl,nv,0.7333
./images/bkl/image6820.JPG,bkl,nv,0.7686
./images/bcc/image7338.JPG,bcc,nv,0.6241
./images/nv/image686.JPG,nv,nv,0.8356
./images/nv/image3716.JPG,nv,nv,0.7143
./images/nv/image884.JPG,nv,nv,0.8011
./images/akiec/image2676.JPG,akiec,nv,0.5702
./images/nv/image5714.JPG,nv,nv,0.6507
./images/nv/image2428.JPG,nv,nv,0.7902
./images/nv/image5722.JPG,nv,nv,0.6578
./images/bkl/image3795.JPG,bkl,nv,0.3797
./images/nv/image5989.JPG,nv,nv,0.8113
./images/bcc/image3671.JPG,bcc,nv,0.5587
./images/bkl/image9456.JPG,bkl,nv,0.4888
./images/nv/image6254.JPG,nv,nv,0.8047
./images/bkl/image2913.JPG,bkl,nv,0.7343
./images/nv/image4182.JPG,nv,nv,0.7573
./images/bkl/image4031.JPG,bkl,nv,0.448
./images/mel/image9111.JPG,mel,nv,0.828
./images/nv/image8533.JPG,nv,nv,0.7237
./images/nv/image3733.JPG,nv,nv,0.754
./images/nv/image2772.JPG,nv,nv,0.6626
./images/nv/image8118.JPG,nv,nv,0.7351
./images/bkl/image9881.JPG,bkl,nv,0.5317
./images/bcc/image3439.JPG,bcc,nv,0.7883
./images/mel/image8911.JPG,mel,nv,0.7774
./images/mel/image6077.JPG,mel,nv,0.7545
./images/nv/image4172.JPG,nv,nv,0.5389
./images/bkl/image456.JPG,bkl,nv,0.3696
./images/nv/image932.JPG,nv,nv,0.5587
./images/nv/image044.JPG,nv,nv,0.77
./images/nv/image4948.JPG,nv,nv,0.7691
./images/nv/image7861.JPG,nv,nv,0.6255
./images/nv/image2348.JPG,nv,nv,0.7909
./images/akiec/image7894.JPG,akiec,nv,0.605
./images/mel/image9358.JPG,mel,nv,0.7472
./images/nv/image2123.JPG,nv,nv,0.7908
./images/df/image8105.JPG,df,nv,0.504
./images/nv/image787.JPG,nv,nv,0.8634
./images/nv/image874.JPG,nv,nv,0.5941
./images/nv/image380.JPG,nv,nv,0.8288
./images/nv/image699.JPG,nv,nv,0.6734
./images/bkl/image9185.JPG,bkl,nv,0.5787
./images/nv/image8141.JPG,nv,nv,0.7841
./images/akiec/image8044.JPG,akiec,nv,0.6666
./images/nv/image4085.JPG,nv,nv,0.7294
./images/nv/image7036.JPG,nv,nv,0.845
./images/nv/image8205.JPG,nv,nv,0.7526
./images/nv/image1150.JPG,nv,nv,0.8616
./images/df/image9370.JPG,df,nv,0.5694
./images/nv/image5585.JPG,nv,nv,0.7515
./images/nv/image4462.JPG,nv,nv,0.6218
./images/bcc/image106.JPG,bcc,nv,0.5153
./images/akiec/image1844.JPG,akiec,nv,0.5849
./images/nv/image093.JPG,nv,nv,0.7171
./images/nv/image5949.JPG,nv,nv,0.8078
./images/nv/image1335.JPG,nv,nv,0.6484
./images/nv/image1132.JPG,nv,nv,0.7655
./images/nv/image3289.JPG,nv,nv,0.8659
./images/nv/image5528.JPG,nv,nv,0.6087
./images/nv/image2616.JPG,nv,nv,0.7954
./images/nv/image3096.JPG,nv,nv,0.7531
./images/bkl/image1025.JPG,bkl,nv,0.5031
./images/nv/image3643.JPG,nv,nv,0.6532
./images/nv/image6657.JPG,nv,nv,0.4883
./images/nv/image5947.JPG,nv,nv,0.7735
./images/nv/image5909.JPG,nv,nv,0.8069
./images/nv/image7896.JPG,nv,nv,0.7671
./images/nv/image5409.JPG,nv,nv,0.8196
./images/bcc/image8900.JPG,bcc,nv,0.4652
./images/nv/image1442.JPG,nv,nv,0.6495
./images/nv/image587.JPG,nv,nv,0.6637
./images/nv/image1260.JPG,nv,nv,0.6515
./images/mel/image4137.JPG,mel,nv,0.6266
./images/nv/image2442.JPG,nv,nv,0.7397
./images/nv/image408.JPG,nv,nv,0.8697
./images/nv/image417.JPG,nv,nv,0.8475
./images/akiec/image5828.JPG,akiec,nv,0.5278
./images/nv/image6121.JPG,nv,nv,0.6025
./images/mel/image6646.JPG,mel,nv,0.7019
./images/bcc/image9814.JPG,bcc,nv,0.6403
./images/nv/image5418.JPG,nv,nv,0.8226
./images/bkl/image7746.JPG,bkl,nv,0.5506
./images/mel/image7790.JPG,mel,nv,0.6793
./images/nv/image4714.JPG,nv,nv,0.8464
./images/nv/image1188.JPG,nv,nv,0.5068
./images/nv/image7383.JPG,nv,nv,0.7792
./images/nv/image4926.JPG,nv,nv,0.6616
./images/mel/image2820.JPG,mel,nv,0.6182
./images/bkl/image3895.JPG,bkl,nv,0.6694
./images/bkl/image9355.JPG,bkl,nv,0.452
./images/akiec/image3885.JPG,akiec,nv,0.5656
./images/nv/image6608.JPG,nv,nv,0.7978
./images/nv/image9065.JPG,nv,nv,0.7087
./images/nv/image1433.JPG,nv,nv,0.8882
./images/nv/image6587.JPG,nv,nv,0.6457
./images/nv/image1728.JPG,nv,nv,0.6956
./images/nv/image2818.JPG,nv,nv,0.7926
./images/bkl/image2139.JPG,bkl,nv,0.4387
./images/nv/image9889.JPG,nv,nv,0.5256
./images/mel/image8633.JPG,mel,nv,0.7611
./images/nv/image897.JPG,nv,nv,0.7105
./images/bkl/image572.JPG,bkl,nv,0.487
./images/nv/image1220.JPG,nv,nv,0.5966
./images/bcc/image2134.JPG,bcc,nv,0.5063
./images/nv/image3575.JPG,nv,nv,0.8132
./images/nv/image5324.JPG,nv,nv,0.8082
./images/nv/image1151.JPG,nv,nv,0.5685
./images/nv/image8148.JPG,nv,nv,0.8061
./images/nv/image2680.JPG,nv,nv,0.7905
./images/nv/image8282.JPG,nv,nv,0.7267
./images/nv/image4273.JPG,nv,nv,0.4559
./images/nv/image568.JPG,nv,nv,0.6323
./images/nv/image4197.JPG,nv,nv,0.8777
./images/nv/image7419.JPG,nv,nv,0.5234
./images/nv/image9242.JPG,nv,nv,0.5567
./images/nv/image5060.JPG,nv,nv,0.8001
./images/mel/image963.JPG,mel,nv,0.6379
./images/vasc/image5765.JPG,vasc,nv,0.5756
./images/nv/image3444.JPG,nv,nv,0.8629
./images/nv/image9050.JPG,nv,nv,0.7528
./images/nv/image9279.JPG,nv,nv,0.4781
./images/mel/image9063.JPG,mel,nv,0.8439
./images/mel/image2899.JPG,mel,nv,0.6743
./images/nv/image6963.JPG,nv,nv,0.4817
./images/bkl/image7701.JPG,bkl,nv,0.4501
./images/bcc/image4278.JPG,bcc,nv,0.6382
./images/nv/image6349.JPG,nv,nv,0.7621
./images/bkl/image5921.JPG,bkl,nv,0.5596
./images/nv/image3294.JPG,nv,nv,0.8273
./images/mel/image9840.JPG,mel,nv,0.7702
./images/nv/image7958.JPG,nv,nv,0.7473
./images/bkl/image5283.JPG,bkl,nv,0.4274
./images/nv/image1591.JPG,nv,nv,0.7775
./images/mel/image2948.JPG,mel,nv,0.7314
./images/akiec/image5195.JPG,akiec,nv,0.5676
./images/nv/image225.JPG,nv,nv,0.7112
./images/nv/image7751.JPG,nv,nv,0.8658
./images/bcc/image1078.JPG,bcc,nv,0.5508
./images/nv/image3355.JPG,nv,nv,0.7957
./images/bkl/image1546.JPG,bkl,nv,0.663
./images/nv/image5676.JPG,nv,nv,0.6408
./images/nv/image5463.JPG,nv,nv,0.8169
./images/bkl/image3611.JPG,bkl,nv,0.6494
./images/bkl/image2653.JPG,bkl,nv,0.7542
./images/mel/image8305.JPG,mel,nv,0.6367
./images/nv/image233.JPG,nv,nv,0.708
./images/nv/image7307.JPG,nv,nv,0.6958
./images/vasc/image1301.JPG,vasc,nv,0.7792
./images/mel/image1058.JPG,mel,nv,0.635
./images/nv/image5623.JPG,nv,nv,0.8789
./images/nv/image8991.JPG,nv,nv,0.7808
./images/mel/image8379.JPG,mel,nv,0.8495
./images/nv/image3332.JPG,nv,nv,0.8537
./images/nv/image6172.JPG,nv,nv,0.7005
./images/bkl/image9991.JPG,bkl,nv,0.6834
./images/bkl/image1802.JPG,bkl,nv,0.8155
./images/nv/image1748.JPG,nv,nv,0.7511
./images/nv/image6570.JPG,nv,nv,0.7657
./images/nv/image2710.JPG,nv,nv,0.6057
./images/nv/image2833.JPG,nv,nv,0.5499
./images/bkl/image7854.JPG,bkl,nv,0.5352
./images/nv/image1374.JPG,nv,nv,0.6513
./images/nv/image4141.JPG,nv,nv,0.8045
./images/nv/image1692.JPG,nv,nv,0.8035
./images/mel/image2469.JPG,mel,nv,0.822
./images/bkl/image5465.JPG,bkl,nv,0.6785
./images/bkl/image8894.JPG,bkl,nv,0.4687
./images/nv/image6438.JPG,nv,nv,0.7288
./images/vasc/image9664.JPG,vasc,nv,0.7084
./images/bkl/image3146.JPG,bkl,nv,0.5002
./images/bkl/image7144.JPG,bkl,nv,0.5693
./images/bkl/image1679.JPG,bkl,nv,0.4894
./images/nv/image9848.JPG,nv,nv,0.5754
./images/nv/image4227.JPG,nv,nv,0.7236
./images/nv/image9610.JPG,nv,nv,0.5922
./images/nv/image256.JPG,nv,nv,0.6551
./images/akiec/image7868.JPG,akiec,nv,0.4974
./images/nv/image4500.JPG,nv,nv,0.7172
./images/nv/image3829.JPG,nv,nv,0.8586
./images/bkl/image8890.JPG,bkl,nv,0.7567
./images/df/image7809.JPG,df,nv,0.4308
./images/nv/image8037.JPG,nv,nv,0.5531
./images/nv/image2847.JPG,nv,nv,0.7461
./images/nv/image3411.JPG,nv,nv,0.8463
./images/nv/image6188.JPG,nv,nv,0.7819
./images/nv/image7173.JPG,nv,nv,0.8165
./images/bkl/image2701.JPG,bkl,nv,0.6527
./images/bkl/image8389.JPG,bkl,nv,0.6603
./images/nv/image9434.JPG,nv,nv,0.4523
./images/nv/image9432.JPG,nv,nv,0.7696
./images/nv/image1148.JPG,nv,nv,0.4401
./images/bkl/image4571.JPG,bkl,nv,0.5299
./images/nv/image471.JPG,nv,nv,0.8025
./images/mel/image9906.JPG,mel,nv,0.7191
./images/vasc/image7645.JPG,vasc,nv,0.6352
./images/nv/image5232.JPG,nv,nv,0.4058
./images/nv/image2765.JPG,nv,nv,0.6815
./images/nv/image7271.JPG,nv,nv,0.8073
./images/nv/image3338.JPG,nv,nv,0.7635
./images/df/image7833.JPG,df,nv,0.5584
./images/mel/image9675.JPG,mel,nv,0.6677
./images/nv/image4640.JPG,nv,nv,0.5983
./images/bkl/image8571.JPG,bkl,nv,0.7802
./images/bkl/image9002.JPG,bkl,nv,0.6485
./images/nv/image9582.JPG,nv,nv,0.774
./images/bkl/image7966.JPG,bkl,nv,0.5961
./images/nv/image6298.JPG,nv,nv,0.4499
./images/akiec/image5555.JPG,akiec,nv,0.6574
./images/nv/image9993.JPG,nv,nv,0.6085
./images/nv/image6917.JPG,nv,nv,0.7704
./images/nv/image8910.JPG,nv,nv,0.413
./images/mel/image890.JPG,mel,nv,0.7555
./images/nv/image2983.JPG,nv,nv,0.7984
./images/mel/image9357.JPG,mel,nv,0.7395
./images/mel/image9346.JPG,mel,nv,0.8567
./images/mel/image4455.JPG,mel,nv,0.7349
./images/nv/image3660.JPG,nv,nv,0.8742
./images/mel/image9573.JPG,mel,nv,0.6239
./images/nv/image4528.JPG,nv,nv,0.7547
./images/nv/image8978.JPG,nv,nv,0.6464
./images/nv/image6486.JPG,nv,nv,0.8628
./images/bcc/image1513.JPG,bcc,nv,0.4887
./images/nv/image6705.JPG,nv,nv,0.8269
./images/bcc/image6967.JPG,bcc,nv,0.661
./images/nv/image6175.JPG,nv,nv,0.802
./images/nv/image6942.JPG,nv,nv,0.5324
./images/nv/image2903.JPG,nv,nv,0.7166
./images/nv/image1263.JPG,nv,nv,0.4215
./images/nv/image2667.JPG,nv,nv,0.7044
./images/nv/image5930.JPG,nv,nv,0.7999
./images/nv/image6065.JPG,nv,nv,0.769
./images/nv/image1013.JPG,nv,nv,0.7595
./images/nv/image9098.JPG,nv,nv,0.7013
./images/nv/image5629.JPG,nv,nv,0.8057
./images/nv/image8889.JPG,nv,nv,0.5109
./images/nv/image6941.JPG,nv,nv,0.8308
./images/nv/image6365.JPG,nv,nv,0.8726
./images/nv/image7565.JPG,nv,nv,0.7437
./images/nv/image1186.JPG,nv,nv,0.7487
./images/bkl/image7251.JPG,bkl,nv,0.7316
./images/mel/image5286.JPG,mel,nv,0.6286
./images/nv/image3291.JPG,nv,nv,0.6113
./images/bcc/image4502.JPG,bcc,nv,0.4497
./images/nv/image8854.JPG,nv,nv,0.8128
./images/nv/image8149.JPG,nv,nv,0.8506
./images/nv/image1939.JPG,nv,nv,0.8084
./images/nv/image9188.JPG,nv,nv,0.607
./images/mel/image8281.JPG,mel,nv,0.7091
./images/nv/image9638.JPG,nv,nv,0.8025
./images/nv/image8005.JPG,nv,nv,0.6497
./images/bkl/image7091.JPG,bkl,nv,0.7146
./images/nv/image6709.JPG,nv,nv,0.5278
./images/vasc/image1147.JPG,vasc,nv,0.6634
./images/nv/image8135.JPG,nv,nv,0.7558
./images/nv/image9869.JPG,nv,nv,0.7986
./images/nv/image7722.JPG,nv,nv,0.585
./images/nv/image134.JPG,nv,nv,0.6717
./images/nv/image8255.JPG,nv,nv,0.742
./images/nv/image3723.JPG,nv,nv,0.8486
./images/nv/image9831.JPG,nv,nv,0.5169
./images/nv/image3041.JPG,nv,nv,0.7532
./images/akiec/image877.JPG,akiec,nv,0.4929
./images/nv/image2394.JPG,nv,nv,0.7417
./images/nv/image740.JPG,nv,nv,0.7774
./images/bkl/image9315.JPG,bkl,nv,0.6363
./images/nv/image379.JPG,nv,nv,0.6837
./images/nv/image5383.JPG,nv,nv,0.7586
./images/bcc/image543.JPG,bcc,nv,0.6581
./images/nv/image7825.JPG,nv,nv,0.7761
./images/nv/image8353.JPG,nv,nv,0.6488
./images/nv/image1242.JPG,nv,nv,0.4395
./images/nv/image9518.JPG,nv,nv,0.7782
./images/mel/image6884.JPG,mel,nv,0.5276
./images/nv/image7959.JPG,nv,nv,0.6403
./images/nv/image6437.JPG,nv,nv,0.7268
./images/nv/image5997.JPG,nv,nv,0.7812
./images/nv/image9527.JPG,nv,nv,0.758
./images/nv/image4504.JPG,nv,nv,0.4616
./images/mel/image3256.JPG,mel,nv,0.58
./images/nv/image2634.JPG,nv,nv,0.8607
./images/bkl/image8025.JPG,bkl,nv,0.6291
./images/nv/image9755.JPG,nv,nv,0.7745
./images/bkl/image5091.JPG,bkl,nv,0.5225
./images/nv/image7487.JPG,nv,nv,0.8184
./images/nv/image8454.JPG,nv,nv,0.722
./images/nv/image4422.JPG,nv,nv,0.9051
./images/nv/image5648.JPG,nv,nv,0.7568
./images/mel/image3023.JPG,mel,nv,0.6074
./images/nv/image063.JPG,nv,nv,0.8453
./images/nv/image6871.JPG,nv,nv,0.8734
./images/mel/image9984.JPG,mel,nv,0.7619
./images/nv/image5812.JPG,nv,nv,0.7274
./images/mel/image9281.JPG,mel,nv,0.7032
./images/nv/image4046.JPG,nv,nv,0.8505
./images/bkl/image8383.JPG,bkl,nv,0.6034
./images/nv/image2462.JPG,nv,nv,0.7704
./images/nv/image556.JPG,nv,nv,0.7345
./images/nv/image6526.JPG,nv,nv,0.8435
./images/nv/image9421.JPG,nv,nv,0.709
./images/bkl/image6671.JPG,bkl,nv,0.5135
./images/mel/image1781.JPG,mel,nv,0.7745
./images/nv/image4851.JPG,nv,nv,0.669
./images/bkl/image8313.JPG,bkl,nv,0.833
./images/bkl/image578.JPG,bkl,nv,0.4872
./images/nv/image4883.JPG,nv,nv,0.7275
./images/nv/image6469.JPG,nv,nv,0.7837
./images/nv/image2979.JPG,nv,nv,0.6273
./images/nv/image1350.JPG,nv,nv,0.7539
./images/nv/image4642.JPG,nv,nv,0.5263
./images/nv/image5530.JPG,nv,nv,0.7422
./images/nv/image1738.JPG,nv,nv,0.6338
./images/bkl/image7253.JPG,bkl,nv,0.69
./images/nv/image8639.JPG,nv,nv,0.4616
./images/nv/image1275.JPG,nv,nv,0.8322
./images/mel/image241.JPG,mel,nv,0.7231
./images/mel/image8982.JPG,mel,nv,0.6437
./images/mel/image7212.JPG,mel,nv,0.6893
./images/mel/image2491.JPG,mel,nv,0.6517
./images/bkl/image2748.JPG,bkl,nv,0.6835
./images/bcc/image5036.JPG,bcc,nv,0.6915
./images/mel/image9215.JPG,mel,nv,0.7985
./images/nv/image7114.JPG,nv,nv,0.8155
./images/akiec/image6350.JPG,akiec,nv,0.7216
./images/akiec/image3373.JPG,akiec,nv,0.6107
./images/nv/image5469.JPG,nv,nv,0.8806
./images/nv/image4892.JPG,nv,nv,0.7407
./images/bkl/image1854.JPG,bkl,nv,0.6843
./images/akiec/image7518.JPG,akiec,nv,0.473
./images/nv/image8480.JPG,nv,nv,0.5778
./images/bkl/image6331.JPG,bkl,nv,0.446
./images/vasc/image8726.JPG,vasc,nv,0.7988
./images/bkl/image3816.JPG,bkl,nv,0.518
./images/nv/image068.JPG,nv,nv,0.7764
./images/nv/image2906.JPG,nv,nv,0.5647
./images/nv/image3930.JPG,nv,nv,0.6542
./images/bkl/image9177.JPG,bkl,nv,0.4937
./images/nv/image8577.JPG,nv,nv,0.6605
./images/nv/image4820.JPG,nv,nv,0.8258
./images/nv/image589.JPG,nv,nv,0.8373
./images/nv/image1824.JPG,nv,nv,0.8247
./images/nv/image4453.JPG,nv,nv,0.5021
./images/bkl/image141.JPG,bkl,nv,0.3965
./images/nv/image8588.JPG,nv,nv,0.5317
./images/nv/image6699.JPG,nv,nv,0.7568
./images/nv/image6742.JPG,nv,nv,0.8696
./images/nv/image1280.JPG,nv,nv,0.6138
./images/nv/image2164.JPG,nv,nv,0.8502
./images/bkl/image4535.JPG,bkl,nv,0.6628
./images/nv/image9540.JPG,nv,nv,0.7105
./images/bkl/image8965.JPG,bkl,nv,0.7892
./images/nv/image7858.JPG,nv,nv,0.7201
./images/nv/image2400.JPG,nv,nv,0.7038
./images/vasc/image5970.JPG,vasc,nv,0.6697
./images/nv/image2177.JPG,nv,nv,0.8587
./images/nv/image6692.JPG,nv,nv,0.8701
./images/mel/image2874.JPG,mel,nv,0.5442
./images/bkl/image2712.JPG,bkl,nv,0.6422
./images/nv/image602.JPG,nv,nv,0.6515
./images/nv/image4464.JPG,nv,nv,0.819
./images/nv/image4484.JPG,nv,nv,0.8258
./images/nv/image3825.JPG,nv,nv,0.5834
./images/nv/image7757.JPG,nv,nv,0.8593
./images/nv/image3679.JPG,nv,nv,0.6423
./images/nv/image3956.JPG,nv,nv,0.6727
./images/nv/image5380.JPG,nv,nv,0.7965
./images/akiec/image6987.JPG,akiec,nv,0.5022
./images/nv/image5374.JPG,nv,nv,0.7388
./images/nv/image6391.JPG,nv,nv,0.7193
./images/nv/image4924.JPG,nv,nv,0.8274
./images/bcc/image2683.JPG,bcc,nv,0.6775
./images/bkl/image8208.JPG,bkl,nv,0.748
./images/nv/image2734.JPG,nv,nv,0.8311
./images/mel/image8351.JPG,mel,nv,0.4511
./images/bkl/image6064.JPG,bkl,nv,0.5025
./images/nv/image6362.JPG,nv,nv,0.6486
./images/bcc/image3240.JPG,bcc,nv,0.5281
./images/mel/image7714.JPG,mel,nv,0.6355
./images/nv/image4394.JPG,nv,nv,0.7151
./images/nv/image6106.JPG,nv,nv,0.8243
./images/nv/image2366.JPG,nv,nv,0.6245
./images/mel/image9019.JPG,mel,nv,0.6739
./images/mel/image9766.JPG,mel,nv,0.8136
./images/mel/image9836.JPG,mel,nv,0.7157
./images/nv/image5176.JPG,nv,nv,0.7763
./images/mel/image800.JPG,mel,nv,0.7714
./images/nv/image4235.JPG,nv,nv,0.7697
./images/bkl/image7334.JPG,bkl,nv,0.5565
./images/nv/image9291.JPG,nv,nv,0.6555
./images/nv/image8023.JPG,nv,nv,0.5718
./images/nv/image2398.JPG,nv,nv,0.8548
./images/nv/image9772.JPG,nv,nv,0.6438
./images/bkl/image6660.JPG,bkl,nv,0.6458
./images/df/image9249.JPG,df,nv,0.442
./images/nv/image7317.JPG,nv,nv,0.5134
./images/bkl/image066.JPG,bkl,nv,0.6538
./images/nv/image2403.JPG,nv,nv,0.793
./images/nv/image3396.JPG,nv,nv,0.8338
./images/bcc/image1887.JPG,bcc,nv,0.5047
./images/nv/image4737.JPG,nv,nv,0.8681
./images/nv/image760.JPG,nv,nv,0.4831
./images/bkl/image4049.JPG,bkl,nv,0.6602
./images/akiec/image165.JPG,akiec,nv,0.6209
./images/nv/image5651.JPG,nv,nv,0.7974
./images/nv/image061.JPG,nv,nv,0.7127
./images/nv/image7200.JPG,nv,nv,0.6107
./images/akiec/image5731.JPG,akiec,nv,0.5366
./images/nv/image9034.JPG,nv,nv,0.6337
./images/mel/image8616.JPG,mel,nv,0.6269
./images/nv/image8087.JPG,nv,nv,0.8681
./images/akiec/image6182.JPG,akiec,nv,0.5879
./images/bcc/image7880.JPG,bcc,nv,0.4571
./images/nv/image5846.JPG,nv,nv,0.5481
./images/nv/image3409.JPG,nv,nv,0.5571
./images/bkl/image9619.JPG,bkl,nv,0.6506
./images/nv/image3537.JPG,nv,nv,0.8351
./images/nv/image2277.JPG,nv,nv,0.8628
./images/nv/image811.JPG,nv,nv,0.8141
./images/nv/image6873.JPG,nv,nv,0.4881
./images/nv/image5453.JPG,nv,nv,0.6189
./images/nv/image4837.JPG,nv,nv,0.7702
./images/mel/image9094.JPG,mel,nv,0.8547
./images/bkl/image4341.JPG,bkl,nv,0.4874
./images/bkl/image4946.JPG,bkl,nv,0.7334
./images/nv/image2638.JPG,nv,nv,0.623
./images/nv/image6073.JPG,nv,nv,0.5408
./images/nv/image8138.JPG,nv,nv,0.7033
./images/nv/image1747.JPG,nv,nv,0.7708
./images/bkl/image9202.JPG,bkl,nv,0.7139
./images/nv/image2940.JPG,nv,nv,0.8505
./images/nv/image460.JPG,nv,nv,0.7025
./images/nv/image6258.JPG,nv,nv,0.8226
./images/nv/image8131.JPG,nv,nv,0.5272
./images/bkl/image725.JPG,bkl,nv,0.5302
./images/nv/image1482.JPG,nv,nv,0.6563
./images/bkl/image5471.JPG,bkl,nv,0.471
./images/nv/image2085.JPG,nv,nv,0.7892
./images/df/image7039.JPG,df,nv,0.5201
./images/nv/image7018.JPG,nv,nv,0.5783
./images/nv/image5691.JPG,nv,nv,0.8001
./images/nv/image4849.JPG,nv,nv,0.818
./images/nv/image6514.JPG,nv,nv,0.5887
./images/bcc/image4372.JPG,bcc,nv,0.6729
./images/mel/image8881.JPG,mel,nv,0.7656
./images/nv/image7609.JPG,nv,nv,0.7181
./images/nv/image485.JPG,nv,nv,0.7206
./images/bkl/image7295.JPG,bkl,nv,0.5865
./images/nv/image8775.JPG,nv,nv,0.7948
./images/nv/image3694.JPG,nv,nv,0.6911
./images/mel/image005.JPG,mel,nv,0.767
./images/akiec/image959.JPG,akiec,nv,0.7656
./images/bkl/image8350.JPG,bkl,nv,0.6049
./images/nv/image1041.JPG,nv,nv,0.7217
./images/bkl/image7372.JPG,bkl,nv,0.6294
./images/nv/image2350.JPG,nv,nv,0.6135
./images/nv/image8560.JPG,nv,nv,0.5485
./images/mel/image8994.JPG,mel,nv,0.6548
./images/nv/image9269.JPG,nv,nv,0.6943
./images/nv/image2819.JPG,nv,nv,0.8536
./images/nv/image9774.JPG,nv,nv,0.7354
./images/bcc/image1225.JPG,bcc,nv,0.4689
./images/nv/image8790.JPG,nv,nv,0.7964
./images/mel/image9701.JPG,mel,nv,0.6898
./images/nv/image5428.JPG,nv,nv,0.5098
./images/bkl/image7402.JPG,bkl,nv,0.711
./images/nv/image7022.JPG,nv,nv,0.8301
./images/nv/image7303.JPG,nv,nv,0.7935
./images/nv/image4120.JPG,nv,nv,0.7915
./images/nv/image2615.JPG,nv,nv,0.66
./images/nv/image554.JPG,nv,nv,0.7471
./images/nv/image3167.JPG,nv,nv,0.8025
./images/nv/image1326.JPG,nv,nv,0.6732
./images/nv/image1201.JPG,nv,nv,0.7178
./images/nv/image9137.JPG,nv,nv,0.7868
./images/nv/image9312.JPG,nv,nv,0.5706
./images/nv/image7990.JPG,nv,nv,0.8395
./images/nv/image3711.JPG,nv,nv,0.4568
./images/nv/image731.JPG,nv,nv,0.8094
./images/bkl/image1532.JPG,bkl,nv,0.5159
./images/akiec/image4425.JPG,akiec,nv,0.4891
./images/mel/image7189.JPG,mel,nv,0.7104
./images/nv/image2502.JPG,nv,nv,0.6487
./images/bcc/image6495.JPG,bcc,nv,0.6323
./images/nv/image4758.JPG,nv,nv,0.7962
./images/nv/image1043.JPG,nv,nv,0.7534
./images/nv/image5639.JPG,nv,nv,0.7982
./images/nv/image2483.JPG,nv,nv,0.7793
./images/nv/image799.JPG,nv,nv,0.8167
./images/bcc/image4925.JPG,bcc,nv,0.4089
./images/mel/image1784.JPG,mel,nv,0.7277
./images/nv/image5803.JPG,nv,nv,0.8385
./images/nv/image6937.JPG,nv,nv,0.7805
./images/nv/image1313.JPG,nv,nv,0.7514
./images/bkl/image4282.JPG,bkl,nv,0.6801
./images/nv/image6597.JPG,nv,nv,0.8206
./images/nv/image7695.JPG,nv,nv,0.8556
./images/nv/image1175.JPG,nv,nv,0.7538
./images/bcc/image3817.JPG,bcc,nv,0.7102
./images/nv/image2308.JPG,nv,nv,0.7398
./images/bcc/image4778.JPG,bcc,nv,0.6263
./images/nv/image1870.JPG,nv,nv,0.6902
./images/nv/image7903.JPG,nv,nv,0.8436
./images/nv/image2056.JPG,nv,nv,0.8112
./images/nv/image7597.JPG,nv,nv,0.7603
./images/bkl/image9863.JPG,bkl,nv,0.7266
./images/mel/image7337.JPG,mel,nv,0.7308
./images/nv/image071.JPG,nv,nv,0.7607
./images/bkl/image576.JPG,bkl,nv,0.6208
./images/nv/image6764.JPG,nv,nv,0.8902
./images/nv/image6794.JPG,nv,nv,0.8463
./images/df/image7004.JPG,df,nv,0.5307
./images/mel/image1226.JPG,mel,nv,0.5397
./images/bkl/image1243.JPG,bkl,nv,0.5971
./images/nv/image1608.JPG,nv,nv,0.856
./images/akiec/image9231.JPG,akiec,nv,0.5392
./images/bkl/image3649.JPG,bkl,nv,0.7481
./images/bkl/image4345.JPG,bkl,nv,0.4934
./images/nv/image5707.JPG,nv,nv,0.8038
./images/nv/image3377.JPG,nv,nv,0.693
./images/bcc/image1204.JPG,bcc,nv,0.565
./images/nv/image1292.JPG,nv,nv,0.7311
./images/nv/image1782.JPG,nv,nv,0.6924
./images/nv/image8426.JPG,nv,nv,0.7129
./images/nv/image756.JPG,nv,nv,0.6035
./images/nv/image3073.JPG,nv,nv,0.7593
./images/nv/image6336.JPG,nv,nv,0.7857
./images/bkl/image6439.JPG,bkl,nv,0.5115
./images/nv/image5085.JPG,nv,nv,0.5842
./images/mel/image4200.JPG,mel,nv,0.7291
./images/mel/image7960.JPG,mel,nv,0.7497
./images/nv/image294.JPG,nv,nv,0.6125
./images/nv/image5031.JPG,nv,nv,0.7575
./images/nv/image8883.JPG,nv,nv,0.6304
./images/nv/image6869.JPG,nv,nv,0.8498
./images/nv/image7203.JPG,nv,nv,0.7577
./images/df/image6137.JPG,df,nv,0.5956
./images/nv/image3557.JPG,nv,nv,0.7973
./images/bcc/image2137.JPG,bcc,nv,0.5106
./images/mel/image5207.JPG,mel,nv,0.45
./images/nv/image6761.JPG,nv,nv,0.8059
./images/bcc/image3693.JPG,bcc,nv,0.7957
./images/nv/image6292.JPG,nv,nv,0.7376
./images/nv/image579.JPG,nv,nv,0.7751
./images/nv/image7311.JPG,nv,nv,0.8326
./images/nv/image9943.JPG,nv,nv,0.6563
./images/nv/image4651.JPG,nv,nv,0.7311
./images/nv/image5952.JPG,nv,nv,0.6385
./images/nv/image3688.JPG,nv,nv,0.7544
./images/bkl/image367.JPG,bkl,nv,0.6143
./images/nv/image5317.JPG,nv,nv,0.7316
./images/bcc/image9163.JPG,bcc,nv,0.7406
./images/bkl/image4690.JPG,bkl,nv,0.6063
./images/mel/image1145.JPG,mel,nv,0.7117
./images/nv/image1615.JPG,nv,nv,0.817
./images/nv/image5770.JPG,nv,nv,0.7986
./images/mel/image9195.JPG,mel,nv,0.7102
./images/mel/image1450.JPG,mel,nv,0.8234
./images/nv/image7010.JPG,nv,nv,0.6026
./images/nv/image8160.JPG,nv,nv,0.6562
./images/nv/image4343.JPG,nv,nv,0.6742
./images/nv/image036.JPG,nv,nv,0.8303
./images/mel/image9782.JPG,mel,nv,0.6389
./images/nv/image474.JPG,nv,nv,0.811
./images/nv/image3631.JPG,nv,nv,0.7366
./images/bkl/image6982.JPG,bkl,nv,0.4429
./images/nv/image4138.JPG,nv,nv,0.789
./images/nv/image1717.JPG,nv,nv,0.4273
./images/vasc/image1402.JPG,vasc,nv,0.5486
./images/nv/image4616.JPG,nv,nv,0.8471
./images/nv/image7556.JPG,nv,nv,0.7738
./images/nv/image9926.JPG,nv,nv,0.5618
./images/bkl/image4245.JPG,bkl,nv,0.6328
./images/nv/image1155.JPG,nv,nv,0.8226
./images/nv/image1664.JPG,nv,nv,0.7033
./images/nv/image2124.JPG,nv,nv,0.5381
./images/nv/image8827.JPG,nv,nv,0.6946
./images/nv/image6992.JPG,nv,nv,0.7592
./images/bcc/image9061.JPG,bcc,nv,0.499
./images/nv/image1003.JPG,nv,nv,0.7576
./images/nv/image5672.JPG,nv,nv,0.84
./images/nv/image3056.JPG,nv,nv,0.4712
./images/nv/image5299.JPG,nv,nv,0.8124
./images/mel/image1650.JPG,mel,nv,0.6718
./images/bcc/image2540.JPG,bcc,nv,0.5599
./images/nv/image5664.JPG,nv,nv,0.6313
./images/akiec/image6893.JPG,akiec,nv,0.556
./images/mel/image3517.JPG,mel,nv,0.5507
./images/nv/image1910.JPG,nv,nv,0.4636
./images/nv/image3828.JPG,nv,nv,0.878
./images/nv/image8330.JPG,nv,nv,0.7845
./images/nv/image6245.JPG,nv,nv,0.8333
./images/nv/image1039.JPG,nv,nv,0.8282
./images/bkl/image8043.JPG,bkl,nv,0.5786
./images/bcc/image4973.JPG,bcc,nv,0.558
./images/bkl/image436.JPG,bkl,nv,0.6504
./images/nv/image4123.JPG,nv,nv,0.8424
./images/mel/image5906.JPG,mel,nv,0.6614
./images/mel/image7603.JPG,mel,nv,0.8257
./images/bcc/image6790.JPG,bcc,nv,0.6464
./images/nv/image5602.JPG,nv,nv,0.8002
./images/nv/image8623.JPG,nv,nv,0.7538
./images/nv/image8368.JPG,nv,nv,0.7172
./images/df/image5657.JPG,df,nv,0.4478
./images/bcc/image8231.JPG,bcc,nv,0.7578
./images/nv/image4292.JPG,nv,nv,0.7587
./images/nv/image7789.JPG,nv,nv,0.7286
./images/mel/image319.JPG,mel,nv,0.5026
./images/nv/image5492.JPG,nv,nv,0.8581
./images/nv/image388.JPG,nv,nv,0.6157
./images/nv/image6560.JPG,nv,nv,0.8495
./images/nv/image870.JPG,nv,nv,0.7423
./images/nv/image3122.JPG,nv,nv,0.3958
./images/nv/image1248.JPG,nv,nv,0.4383
./images/vasc/image5978.JPG,vasc,nv,0.4918
./images/nv/image7826.JPG,nv,nv,0.8478
./images/nv/image5088.JPG,nv,nv,0.749
./images/nv/image5460.JPG,nv,nv,0.8241
./images/nv/image9531.JPG,nv,nv,0.5959
./images/nv/image3773.JPG,nv,nv,0.8432
./images/nv/image7919.JPG,nv,nv,0.7271
./images/nv/image2582.JPG,nv,nv,0.5845
./images/nv/image2003.JPG,nv,nv,0.8104
./images/nv/image10004.JPG,nv,nv,0.7026
./images/nv/image1775.JPG,nv,nv,0.473
./images/nv/image1047.JPG,nv,nv,0.5821
./images/nv/image584.JPG,nv,nv,0.7665
./images/nv/image5461.JPG,nv,nv,0.8054
./images/nv/image4142.JPG,nv,nv,0.6993
./images/nv/image1788.JPG,nv,nv,0.8364
./images/nv/image6506.JPG,nv,nv,0.8161
./images/mel/image5393.JPG,mel,nv,0.6634
./images/nv/image9949.JPG,nv,nv,0.6463
./images/nv/image6778.JPG,nv,nv,0.6853
./images/nv/image3298.JPG,nv,nv,0.7067
./images/nv/image8433.JPG,nv,nv,0.6072
./images/nv/image5620.JPG,nv,nv,0.7673
./images/nv/image4646.JPG,nv,nv,0.6329
./images/nv/image1879.JPG,nv,nv,0.8586
./images/mel/image451.JPG,mel,nv,0.5891
./images/akiec/image3272.JPG,akiec,nv,0.5171
./images/nv/image523.JPG,nv,nv,0.8273
./images/nv/image9122.JPG,nv,nv,0.8557
./images/nv/image4270.JPG,nv,nv,0.831
./images/nv/image3589.JPG,nv,nv,0.8378
./images/mel/image8535.JPG,mel,nv,0.6596
./images/nv/image1223.JPG,nv,nv,0.8846
./images/nv/image8634.JPG,nv,nv,0.7878
./images/nv/image6197.JPG,nv,nv,0.7724
./images/bcc/image4896.JPG,bcc,nv,0.5454
./images/nv/image7511.JPG,nv,nv,0.8335
./images/nv/image4588.JPG,nv,nv,0.8043
./images/akiec/image8695.JPG,akiec,nv,0.495
./images/nv/image282.JPG,nv,nv,0.7189
./images/nv/image1987.JPG,nv,nv,0.8051
./images/nv/image889.JPG,nv,nv,0.8473
./images/nv/image9385.JPG,nv,nv,0.7111
./images/mel/image7252.JPG,mel,nv,0.7422
./images/bcc/image5047.JPG,bcc,nv,0.4828
./images/bcc/image8124.JPG,bcc,nv,0.6679
./images/nv/image5961.JPG,nv,nv,0.7486
./images/nv/image6996.JPG,nv,nv,0.7214
./images/nv/image3413.JPG,nv,nv,0.5111
./images/bkl/image9860.JPG,bkl,nv,0.7175
./images/bcc/image490.JPG,bcc,nv,0.6225
./images/nv/image814.JPG,nv,nv,0.7209
./images/nv/image5189.JPG,nv,nv,0.895
./images/bkl/image1214.JPG,bkl,nv,0.5999
./images/nv/image9347.JPG,nv,nv,0.821
./images/nv/image3905.JPG,nv,nv,0.724
./images/bcc/image5219.JPG,bcc,nv,0.4753
./images/nv/image3351.JPG,nv,nv,0.7554
./images/vasc/image9891.JPG,vasc,nv,0.7172
./images/nv/image3121.JPG,nv,nv,0.8429
./images/bkl/image2970.JPG,bkl,nv,0.6883
./images/nv/image3695.JPG,nv,nv,0.7574
./images/nv/image8201.JPG,nv,nv,0.7189
./images/nv/image5675.JPG,nv,nv,0.8389
./images/nv/image7060.JPG,nv,nv,0.779
./images/nv/image6195.JPG,nv,nv,0.8501
./images/nv/image2259.JPG,nv,nv,0.8356
./images/nv/image7399.JPG,nv,nv,0.8769
./images/bkl/image2318.JPG,bkl,nv,0.6986
./images/nv/image5495.JPG,nv,nv,0.7869
./images/nv/image6848.JPG,nv,nv,0.8073
./images/nv/image2533.JPG,nv,nv,0.7133
./images/nv/image6515.JPG,nv,nv,0.7665
./images/nv/image4602.JPG,nv,nv,0.809
./images/nv/image8508.JPG,nv,nv,0.8563
./images/nv/image9775.JPG,nv,nv,0.7199
./images/nv/image7427.JPG,nv,nv,0.789
./images/nv/image5001.JPG,nv,nv,0.7342
./images/nv/image6611.JPG,nv,nv,0.7843
./images/nv/image9519.JPG,nv,nv,0.5759
./images/bcc/image5594.JPG,bcc,nv,0.4335
./images/akiec/image1063.JPG,akiec,nv,0.522
./images/nv/image2557.JPG,nv,nv,0.777
./images/akiec/image5838.JPG,akiec,nv,0.4824
./images/nv/image9826.JPG,nv,nv,0.725
./images/nv/image505.JPG,nv,nv,0.8485
./images/nv/image308.JPG,nv,nv,0.751
./images/bcc/image7671.JPG,bcc,nv,0.5727
./images/nv/image3359.JPG,nv,nv,0.8786
./images/nv/image5615.JPG,nv,nv,0.5109
./images/mel/image9497.JPG,mel,nv,0.7661
./images/bkl/image5369.JPG,bkl,nv,0.5299
./images/nv/image1994.JPG,nv,nv,0.7812
./images/akiec/image3462.JPG,akiec,nv,0.6036
./images/nv/image8632.JPG,nv,nv,0.6726
./images/nv/image4006.JPG,nv,nv,0.7044
./images/nv/image5565.JPG,nv,nv,0.7328
./images/mel/image4542.JPG,mel,nv,0.6883
./images/bkl/image676.JPG,bkl,nv,0.6699
./images/bkl/image4803.JPG,bkl,nv,0.3811
./images/nv/image2237.JPG,nv,nv,0.8077
./images/nv/image7501.JPG,nv,nv,0.5638
./images/bkl/image5271.JPG,bkl,nv,0.6756
./images/nv/image9414.JPG,nv,nv,0.6142
./images/nv/image6167.JPG,nv,nv,0.8522
./images/nv/image1674.JPG,nv,nv,0.7143
./images/nv/image5224.JPG,nv,nv,0.7971
./images/mel/image8719.JPG,mel,nv,0.5189
./images/nv/image3852.JPG,nv,nv,0.7791
./images/nv/image3997.JPG,nv,nv,0.715
./images/nv/image9568.JPG,nv,nv,0.6449
./images/nv/image5745.JPG,nv,nv,0.7418
./images/bcc/image9855.JPG,bcc,nv,0.4985
./images/nv/image4554.JPG,nv,nv,0.7851
./images/nv/image4543.JPG,nv,nv,0.7859
./images/nv/image1060.JPG,nv,nv,0.8882
./images/nv/image5717.JPG,nv,nv,0.8446
./images/nv/image2391.JPG,nv,nv,0.7895
./images/nv/image693.JPG,nv,nv,0.7428
./images/bcc/image7221.JPG,bcc,nv,0.5122
./images/nv/image6868.JPG,nv,nv,0.7982
./images/nv/image790.JPG,nv,nv,0.8492
./images/nv/image7796.JPG,nv,nv,0.6579
./images/nv/image3701.JPG,nv,nv,0.7915
./images/nv/image7505.JPG,nv,nv,0.7628
./images/bkl/image4890.JPG,bkl,nv,0.7856
./images/nv/image5938.JPG,nv,nv,0.7741
./images/nv/image2704.JPG,nv,nv,0.7972
./images/mel/image6578.JPG,mel,nv,0.7326
./images/nv/image3410.JPG,nv,nv,0.7579
./images/nv/image4374.JPG,nv,nv,0.6879
./images/nv/image2024.JPG,nv,nv,0.5916
./images/nv/image7803.JPG,nv,nv,0.8204
./images/nv/image1896.JPG,nv,nv,0.8422
./images/nv/image1545.JPG,nv,nv,0.6346
./images/nv/image5493.JPG,nv,nv,0.8121
./images/nv/image899.JPG,nv,nv,0.8239
./images/nv/image430.JPG,nv,nv,0.8445
./images/nv/image4210.JPG,nv,nv,0.8395
./images/nv/image953.JPG,nv,nv,0.7958
./images/nv/image5568.JPG,nv,nv,0.7961
./images/nv/image1732.JPG,nv,nv,0.4765
./images/nv/image6174.JPG,nv,nv,0.6042
./images/bkl/image2470.JPG,bkl,nv,0.5675
./images/nv/image5932.JPG,nv,nv,0.8178
./images/mel/image1012.JPG,mel,nv,0.5946
./images/nv/image3185.JPG,nv,nv,0.6268
./images/mel/image5257.JPG,mel,nv,0.4878
./images/akiec/image4963.JPG,akiec,nv,0.5534
./images/bkl/image8458.JPG,bkl,nv,0.6
./images/bkl/image9086.JPG,bkl,nv,0.4855
./images/nv/image6277.JPG,nv,nv,0.4518
./images/nv/image8303.JPG,nv,nv,0.6431
./images/bkl/image7514.JPG,bkl,nv,0.5497
./images/nv/image2651.JPG,nv,nv,0.6067
./images/nv/image1206.JPG,nv,nv,0.7186
./images/bcc/image2382.JPG,bcc,nv,0.5224
./images/mel/image3980.JPG,mel,nv,0.6459
./images/nv/image5033.JPG,nv,nv,0.8056
./images/nv/image4886.JPG,nv,nv,0.6257
./images/nv/image4649.JPG,nv,nv,0.835
./images/nv/image9816.JPG,nv,nv,0.4858
./images/nv/image9104.JPG,nv,nv,0.6285
./images/vasc/image1619.JPG,vasc,nv,0.7444
./images/bcc/image1849.JPG,bcc,nv,0.6489
./images/nv/image8629.JPG,nv,nv,0.606
./images/nv/image381.JPG,nv,nv,0.8131
./images/nv/image719.JPG,nv,nv,0.7813
./images/mel/image2688.JPG,mel,nv,0.809
./images/nv/image6271.JPG,nv,nv,0.8648
./images/bkl/image1505.JPG,bkl,nv,0.4625
./images/nv/image2298.JPG,nv,nv,0.6048
./images/nv/image4040.JPG,nv,nv,0.8727
./images/nv/image5708.JPG,nv,nv,0.8065
./images/nv/image3207.JPG,nv,nv,0.7093
./images/nv/image2740.JPG,nv,nv,0.6263
./images/nv/image7167.JPG,nv,nv,0.7436
./images/nv/image4066.JPG,nv,nv,0.697
./images/mel/image9867.JPG,mel,nv,0.8069
./images/bkl/image8644.JPG,bkl,nv,0.6327
./images/akiec/image1498.JPG,akiec,nv,0.4583
./images/nv/image1163.JPG,nv,nv,0.7454
./images/bkl/image7865.JPG,bkl,nv,0.4023
./images/nv/image6008.JPG,nv,nv,0.4759
./images/nv/image3824.JPG,nv,nv,0.8322
./images/nv/image1936.JPG,nv,nv,0.8548
./images/bkl/image9608.JPG,bkl,nv,0.65
./images/nv/image4764.JPG,nv,nv,0.8291
./images/bcc/image3780.JPG,bcc,nv,0.4465
./images/nv/image034.JPG,nv,nv,0.8039
./images/nv/image6323.JPG,nv,nv,0.7908
./images/akiec/image7849.JPG,akiec,nv,0.6328
./images/bcc/image3661.JPG,bcc,nv,0.4224
./images/nv/image7602.JPG,nv,nv,0.7013
./images/nv/image384.JPG,nv,nv,0.8038
./images/nv/image8580.JPG,nv,nv,0.7142
./images/mel/image7610.JPG,mel,nv,0.6516
./images/nv/image074.JPG,nv,nv,0.578
./images/mel/image2821.JPG,mel,nv,0.7063
./images/nv/image3759.JPG,nv,nv,0.8149
./images/nv/image6424.JPG,nv,nv,0.6624
./images/nv/image858.JPG,nv,nv,0.8587
./images/nv/image6644.JPG,nv,nv,0.8765
./images/nv/image9992.JPG,nv,nv,0.7197
./images/nv/image4039.JPG,nv,nv,0.7115
./images/nv/image6943.JPG,nv,nv,0.8675
./images/bcc/image3417.JPG,bcc,nv,0.5145
./images/nv/image7216.JPG,nv,nv,0.7793
./images/nv/image837.JPG,nv,nv,0.857
./images/nv/image6275.JPG,nv,nv,0.6061
./images/nv/image9528.JPG,nv,nv,0.5296
./images/nv/image7963.JPG,nv,nv,0.6865
./images/bkl/image4071.JPG,bkl,nv,0.4788
./images/mel/image4215.JPG,mel,nv,0.872
./images/nv/image1328.JPG,nv,nv,0.6733
./images/nv/image2984.JPG,nv,nv,0.695
./images/vasc/image3632.JPG,vasc,nv,0.6704
./images/bkl/image078.JPG,bkl,nv,0.7165
./images/nv/image866.JPG,nv,nv,0.3985
./images/nv/image2323.JPG,nv,nv,0.8167
./images/nv/image4848.JPG,nv,nv,0.8271
./images/nv/image1310.JPG,nv,nv,0.8174
./images/bkl/image9388.JPG,bkl,nv,0.6416
./images/akiec/image2949.JPG,akiec,nv,0.5435
./images/nv/image1841.JPG,nv,nv,0.7925
./images/bkl/image1453.JPG,bkl,nv,0.7853
./images/bkl/image5377.JPG,bkl,nv,0.7821
./images/nv/image6799.JPG,nv,nv,0.7365
./images/mel/image4858.JPG,mel,nv,0.5706
./images/nv/image8984.JPG,nv,nv,0.6855
./images/nv/image6283.JPG,nv,nv,0.7212
./images/nv/image8184.JPG,nv,nv,0.6368
./images/nv/image7948.JPG,nv,nv,0.5775
./images/nv/image7107.JPG,nv,nv,0.5441
./images/nv/image4804.JPG,nv,nv,0.6726
./images/bcc/image980.JPG,bcc,nv,0.4702
./images/nv/image910.JPG,nv,nv,0.7573
./images/nv/image4025.JPG,nv,nv,0.7997
./images/nv/image194.JPG,nv,nv,0.7869
./images/nv/image6285.JPG,nv,nv,0.7245
./images/bkl/image3896.JPG,bkl,nv,0.536
./images/nv/image2165.JPG,nv,nv,0.8263
./images/nv/image1712.JPG,nv,nv,0.6133
./images/nv/image2280.JPG,nv,nv,0.8102
./images/bkl/image4310.JPG,bkl,nv,0.5478
./images/nv/image2515.JPG,nv,nv,0.7288
./images/mel/image9311.JPG,mel,nv,0.8552
./images/bkl/image6067.JPG,bkl,nv,0.5883
./images/nv/image3563.JPG,nv,nv,0.7853
./images/nv/image3696.JPG,nv,nv,0.8495
./images/nv/image3037.JPG,nv,nv,0.8126
./images/nv/image1965.JPG,nv,nv,0.733
./images/nv/image4677.JPG,nv,nv,0.7093
./images/nv/image7678.JPG,nv,nv,0.6695
./images/nv/image4740.JPG,nv,nv,0.5502
./images/nv/image5163.JPG,nv,nv,0.7844
./images/mel/image6519.JPG,mel,nv,0.7129
./images/akiec/image1709.JPG,akiec,nv,0.584
./images/bkl/image9096.JPG,bkl,nv,0.3947
./images/mel/image9979.JPG,mel,nv,0.7373
./images/nv/image6973.JPG,nv,nv,0.8277
./images/nv/image4364.JPG,nv,nv,0.8612
./images/mel/image8733.JPG,mel,nv,0.5928
./images/nv/image8207.JPG,nv,nv,0.5721
./images/mel/image9499.JPG,mel,nv,0.7335
./images/nv/image5102.JPG,nv,nv,0.821
./images/nv/image5319.JPG,nv,nv,0.8579
./images/nv/image354.JPG,nv,nv,0.8275
./images/nv/image851.JPG,nv,nv,0.4359
./images/nv/image6554.JPG,nv,nv,0.6229
./images/bcc/image368.JPG,bcc,nv,0.4352
./images/mel/image7072.JPG,mel,nv,0.6148
./images/bkl/image3668.JPG,bkl,nv,0.4874
./images/nv/image5959.JPG,nv,nv,0.7308
./images/mel/image5653.JPG,mel,nv,0.4828
./images/mel/image2497.JPG,mel,nv,0.8125
./images/nv/image4150.JPG,nv,nv,0.8757
./images/nv/image8770.JPG,nv,nv,0.6365
./images/nv/image337.JPG,nv,nv,0.6079
./images/nv/image1497.JPG,nv,nv,0.7254
./images/akiec/image3497.JPG,akiec,nv,0.6462
./images/nv/image7166.JPG,nv,nv,0.7959
./images/nv/image9692.JPG,nv,nv,0.6409
./images/nv/image9715.JPG,nv,nv,0.4146
./images/nv/image9293.JPG,nv,nv,0.6151
./images/nv/image6532.JPG,nv,nv,0.5979
./images/akiec/image5853.JPG,akiec,nv,0.512
./images/mel/image3804.JPG,mel,nv,0.6382
./images/nv/image3737.JPG,nv,nv,0.737
./images/nv/image1661.JPG,nv,nv,0.7465
./images/nv/image221.JPG,nv,nv,0.8316
./images/nv/image2521.JPG,nv,nv,0.5636
./images/nv/image5741.JPG,nv,nv,0.7189
./images/nv/image3831.JPG,nv,nv,0.7324
./images/nv/image6717.JPG,nv,nv,0.7681
./images/mel/image6493.JPG,mel,nv,0.6087
./images/bkl/image8468.JPG,bkl,nv,0.7167
./images/nv/image5152.JPG,nv,nv,0.7518
./images/mel/image9265.JPG,mel,nv,0.7205
./images/nv/image1904.JPG,nv,nv,0.7465
./images/df/image9117.JPG,df,nv,0.4999
./images/nv/image7139.JPG,nv,nv,0.8664
./images/nv/image1435.JPG,nv,nv,0.8388
./images/nv/image298.JPG,nv,nv,0.8137
./images/nv/image3555.JPG,nv,nv,0.8226
./images/bkl/image5003.JPG,bkl,nv,0.4297
./images/nv/image3162.JPG,nv,nv,0.8715
./images/bkl/image8907.JPG,bkl,nv,0.6774
./images/nv/image7049.JPG,nv,nv,0.6965
./images/nv/image8626.JPG,nv,nv,0.803
./images/nv/image7606.JPG,nv,nv,0.7214
./images/mel/image2342.JPG,mel,nv,0.7235
./images/nv/image8892.JPG,nv,nv,0.677
./images/nv/image3612.JPG,nv,nv,0.6011
./images/nv/image6541.JPG,nv,nv,0.8648
./images/bkl/image307.JPG,bkl,nv,0.6395
